0,272.74656587053875,404.2671608677592,408.4589395003958,402.2607763457402,519.7326238430487,314.2335362433874,643.2953342371172,152.39780401611372,162.1469404261172,124.40333491978593,0.0,0.0,0.0,0.0,0.0,0.0,0.0,0.0,0.0,0.0
50,273.0235057611029,398.27075705655113,416.1992212156507,403.7771938079768,527.6757956380911,314.94742508758804,650.4026306753066,155.1520851843283,155.62129160942928,127.87413424857297,0.0,0.0,0.0,0.0,0.0,0.0,0.0,0.0,0.0,0.0
100,265.04715681173644,398.73178287886634,410.973010815291,399.2344762591098,533.0006677963094,319.42522887744764,655.0402516785983,160.0410539078198,147.70911236644082,128.7607280338476,0.0,0.0,0.0,0.0,0.0,0.0,0.0,0.0,0.0,0.0
150,270.0190127311224,403.43235357860453,415.1058547233111,394.09713495324286,539.3804165316689,315.8050661164043,647.4000278997364,161.82014822586848,151.82391615469714,133.90620850252935,0.0,0.0,0.0,0.0,0.0,0.0,0.0,0.0,0.0,0.0
200,276.48010110511285,399.8942658782061,414.6745750809794,388.1058601471656,545.7077335627262,319.47662515767365,651.8288891596087,156.82348251594738,156.17285441559494,128.87020919736352,0.0,0.0,0.0,0.0,0.0,0.0,0.0,0.0,0.0,0.0
250,274.776601240304,394.0318709223489,410.6451823407942,382.92249765677815,543.3603168366832,325.2125138880092,651.6973325485726,150.82429384307858,157.72629324396232,134.75600486499994,0.0,0.0,0.0,0.0,0.0,0.0,0.0,0.0,0.0,0.0
300,268.7544596321333,397.9815884285468,403.42317328484245,385.50347696173395,548.473431429864,329.8270597243633,659.669902211734,151.32073094221218,149.89497700378772,133.53038324931376,0.0,0.0,0.0,0.0,0.0,0.0,0.0,0.0,0.0,0.0
350,274.4036230320819,402.22998942131846,407.09005454746745,380.1708777112963,552.3055260410745,324.5602090405071,663.3097347572873,145.97771814883555,150.39871817271074,139.51847666204011,0.0,0.0,0.0,0.0,0.0,0.0,0.0,0.0,0.0,0.0
400,271.26540926113154,396.71090588694454,413.385424608554,376.4685571371009,544.3067343717306,324.45592982580115,655.7511548095814,147.94321462821492,157.2693231706648,142.59208491069103,0.0,0.0,0.0,0.0,0.0,0.0,0.0,0.0,0.0,0.0
450,278.11757803851896,393.61423380816615,407.12382626877906,380.20295364190883,540.2463566508001,319.28618614942843,659.790702051933,142.76429990906715,149.74023077186956,144.62024461923284,0.0,0.0,0.0,0.0,0.0,0.0,0.0,0.0,0.0,0.0
500,285.5330038769632,391.3628018095428,404.4487756972899,385.8575808398314,543.0543551942166,313.66793298662543,658.2035585613054,136.88356451786484,152.91624635484976,150.12715122111697,0.0,0.0,0.0,0.0,0.0,0.0,0.0,0.0,0.0,0.0
550,292.1060512981785,394.78292085339666,400.56150475845567,380.61352395469436,550.6540805969084,311.7938071198359,655.0126740869194,142.38563405145914,149.54698281843918,144.68522733681874,0.0,0.0,0.0,0.0,0.0,0.0,0.0,0.0,0.0,0.0
600,284.1203906814607,395.1420013310952,394.7128395162238,376.5197937336827,542.6541245311386,311.773922276729,658.328721245694,136.9253542900421,151.41366583549444,150.5196052525895,0.0,0.0,0.0,0.0,0.0,0.0,0.0,0.0,0.0,0.0
650,288.3863736329406,400.21775561690794,398.2098181602356,371.12338136486113,536.5595700770203,315.66065977471567,655.3921864235094,131.34418691023438,143.4274815173323,150.87207336524887,0.0,0.0,0.0,0.0,0.0,0.0,0.0,0.0,0.0,0.0
700,294.17205457034214,396.0739872171351,390.2109858472403,371.22589193054773,529.5646233714181,312.74908282579213,654.793150745808,137.32734246516299,145.11760100046794,156.7366463739732,0.0,0.0,0.0,0.0,0.0,0.0,0.0,0.0,0.0,0.0
750,301.7041803443495,398.09580156198734,387.8974844947519,365.4822573918371,527.8184864843244,318.6044172192308,647.7845648449619,140.22041083017515,150.1051083811283,161.4278810938439,0.0,0.0,0.0,0.0,0.0,0.0,0.0,0.0,0.0,0.0
800,296.0483293629662,402.33919456676153,387.39484072709837,371.47040267640534,534.4278979135613,315.2239482703306,644.7420407143004,145.7695516546017,148.18049913011572,167.25166268894094,0.0,0.0,0.0,0.0,0.0,0.0,0.0,0.0,0.0,0.0
850,303.52526900542233,404.4731223163528,391.0182267895068,366.12110563739697,531.2451691555862,320.7286743016515,652.3513269833295,143.91737620591158,140.69504121892052,165.1345998837565,0.0,0.0,0.0,0.0,0.0,0.0,0.0,0.0,0.0,0.0
900,305.59933771243635,398.6782746534109,383.35513440697827,364.3982240354089,530.8026980166833,314.7378585515786,648.6311680646234,138.60557473079893,144.12169150161952,159.71286924123612,0.0,0.0,0.0,0.0,0.0,0.0,0.0,0.0,0.0,0.0
950,313.59854004629034,398.5935478134423,391.3431413998896,364.72663864862704,537.1694210308178,318.37089741862576,641.4569226358908,141.2604266894163,140.72017796160355,165.14349622353402,0.0,0.0,0.0,0.0,0.0,0.0,0.0,0.0,0.0,0.0
1000,308.17460143468827,403.00396169310085,398.84388210778854,362.64022426780815,538.0070170517758,312.40387399740126,640.1720178105757,147.1825313422664,135.79968588377818,169.87437100659818,0.0,0.0,0.0,0.0,0.0,0.0,0.0,0.0,0.0,0.0
1050,311.9980309228831,408.27435353419776,396.417493664998,368.35759774761857,536.9030799008358,318.34647393819404,647.5365887908665,149.52597763573985,127.80002692370842,169.9297722155099,0.0,0.0,0.0,0.0,0.0,0.0,0.0,0.0,0.0,0.0
1100,304.5732223794121,410.50832369451757,390.1230638468483,364.6543780388762,529.391854347464,316.2813859228577,639.9363469627026,147.65303013612777,131.37605305121858,164.5625782662807,0.0,0.0,0.0,0.0,0.0,0.0,0.0,0.0,0.0,0.0
1150,296.8038333777679,411.93856298547064,386.82351451068274,370.1202766818481,537.105063103844,314.6892628095959,647.6927823202063,146.1837744805362,133.32460921717797,158.7432776220188,0.0,0.0,0.0,0.0,0.0,0.0,0.0,0.0,0.0,0.0
1200,296.77179840512844,417.93851488030253,380.5254848676993,366.42050132088934,536.1568110325742,308.7315610605782,654.3940421772518,142.9065991824025,133.28326408932793,152.74335775159747,0.0,0.0,0.0,0.0,0.0,0.0,0.0,0.0,0.0,0.0
1250,290.344394619008,414.36608289064645,374.7563094611172,370.57719423828775,543.7458276370769,306.833182759415,659.3458135606454,147.61908022679035,126.96071051750852,149.06718577024867,0.0,0.0,0.0,0.0,0.0,0.0,0.0,0.0,0.0,0.0
1300,290.50838560729426,408.36734363455145,366.9039347103526,369.42986317877444,539.3280810552172,311.8353800031657,667.3373572409254,147.34327838945998,121.68885230364697,144.554234970353,0.0,0.0,0.0,0.0,0.0,0.0,0.0,0.0,0.0,0.0
1350,292.4392590035549,414.1899587651678,362.90906958121246,374.62823716373254,531.3555184217341,311.3388794054371,660.2277684957945,144.59232706678108,128.19534009465775,148.04521038587845,0.0,0.0,0.0,0.0,0.0,0.0,0.0,0.0,0.0,0.0
1400,285.4954726497097,417.1696240111453,357.9975881952944,369.89209847170434,530.8464709810564,305.35103841134617,655.832190581654,139.5791565804117,133.86208717822484,152.28041844908174,0.0,0.0,0.0,0.0,0.0,0.0,0.0,0.0,0.0,0.0
1450,283.83648055541636,423.0391944121609,354.5119297277601,375.2926289168861,527.0108897659662,300.0856155254208,662.5857219475458,136.3629055912043,134.3797407199201,146.292992492875,0.0,0.0,0.0,0.0,0.0,0.0,0.0,0.0,0.0,0.0
1500,289.0375032195632,427.59814350449074,355.2831249820274,369.32057252420316,531.9606977817183,304.79925667017807,654.6272283836099,135.7525050190844,131.34121959518438,140.74261804395934,0.0,0.0,0.0,0.0,0.0,0.0,0.0,0.0,0.0,0.0
1550,296.9327659487008,428.5658546552546,352.4305456656552,374.92617865330647,535.8337431257775,310.04923094312545,657.7457133460479,130.2271347608379,135.48965087169688,145.87288766099994,0.0,0.0,0.0,0.0,0.0,0.0,0.0,0.0,0.0,0.0
1600,303.7841466898389,431.6635073700096,357.7937188405003,370.47416112280973,529.1590233495614,313.3567322959304,652.0967169052927,134.4756606295292,128.0695305644627,143.63017262622157,0.0,0.0,0.0,0.0,0.0,0.0,0.0,0.0,0.0,0.0
1650,296.2790878250486,429.58584608077877,350.30600396350667,368.3615925841637,525.5080851775682,308.017983295822,653.0895331005455,128.5220438505137,123.60561290092798,138.65108541168962,0.0,0.0,0.0,0.0,0.0,0.0,0.0,0.0,0.0,0.0
1700,303.91102295499496,427.78685164723737,346.6719834918526,373.70683028294985,532.9770029757843,305.86831177569087,656.1743580773746,122.98605537869935,118.27250977420589,143.12337578797982,0.0,0.0,0.0,0.0,0.0,0.0,0.0,0.0,0.0,0.0
1750,305.0157921124077,421.84433867933257,354.6116892552199,372.9715730354354,531.1997888399833,300.0182391840495,650.4619034668852,127.18658184055425,116.63988809065341,148.9971039372558,0.0,0.0,0.0,0.0,0.0,0.0,0.0,0.0,0.0,0.0
1800,300.55422354103183,426.82461008851675,349.31897083822025,368.47237737242256,525.7741019374632,295.6090350699094,647.896918762704,121.50334068120117,110.87289494924426,153.1554998942509,0.0,0.0,0.0,0.0,0.0,0.0,0.0,0.0,0.0,0.0
1850,305.1137174933421,421.89447866221576,342.76914291848016,365.0272922138585,527.0820833755593,289.6897727582993,644.6817062565185,126.99743795043372,118.86659220220534,153.39362250605288,0.0,0.0,0.0,0.0,0.0,0.0,0.0,0.0,0.0,0.0
1900,302.17170626826334,427.4740235000789,336.2765178944154,368.53275565212175,521.3307386395037,285.51920397557143,637.1998769943111,129.12170367681722,115.52236605029627,147.9430183938696,0.0,0.0,0.0,0.0,0.0,0.0,0.0,0.0,0.0,0.0
1950,304.446443259759,433.2263607673104,337.9922941456661,374.3931364348696,513.4599673803615,284.44511604631623,633.2433897014391,134.33656150512905,110.66120950227614,152.7082729328526,0.0,0.0,0.0,0.0,0.0,0.0,0.0,0.0,0.0,0.0
2000,306.37359513878613,427.40305215709753,332.225562393918,378.5517362903679,512.8234765945558,290.4260958746776,627.1012023340304,138.1808901940291,102.9743485574235,151.0460169483076,0.0,0.0,0.0,0.0,0.0,0.0,0.0,0.0,0.0,0.0
2050,298.3916727627473,426.9999209248963,334.88836047210407,372.89385706338896,505.18403894931146,288.6451036621068,628.4848021731901,132.27130654030563,110.71389062232966,149.52747740260236,0.0,0.0,0.0,0.0,0.0,0.0,0.0,0.0,0.0,0.0
2100,291.1504915680225,424.4493369948609,329.1790359265218,377.0967765776888,511.23309214329413,292.5716208776818,631.2572374171641,126.64312729785881,113.45876904260612,155.16324921155353,0.0,0.0,0.0,0.0,0.0,0.0,0.0,0.0,0.0,0.0
2150,294.42682901821394,429.9230840901573,336.7665558153343,375.19503596985277,518.0083303305584,295.76208839389835,623.2735496261859,126.26016488899313,120.27824624698806,158.30025192045255,0.0,0.0,0.0,0.0,0.0,0.0,0.0,0.0,0.0,0.0
2200,295.5529312584025,423.98282397536764,342.41846483127273,370.94868959708725,524.1383904253911,291.9068868013771,616.7245453493163,122.81419906978967,122.92609578766154,152.6384278146012,0.0,0.0,0.0,0.0,0.0,0.0,0.0,0.0,0.0,0.0
2250,299.6091927287163,429.1543849459549,343.7526305151101,376.86466382662377,517.7766434582426,295.5448256042381,618.5580132458598,128.6544985015991,128.11606205393662,157.20445899190892,0.0,0.0,0.0,0.0,0.0,0.0,0.0,0.0,0.0,0.0
2300,304.6283575305096,433.82658907136477,341.6323981921044,382.6501064094579,511.36030150627664,299.12842543191647,626.5536274865644,128.85314646669025,135.53722416832406,154.96368379334726,0.0,0.0,0.0,0.0,0.0,0.0,0.0,0.0,0.0,0.0
2350,304.3158318342256,439.8220089336558,340.1840206613204,388.55095286756716,512.570593212785,293.19748565675,618.5562493821479,129.00674722657456,133.10260458180252,160.6790886741296,0.0,0.0,0.0,0.0,0.0,0.0,0.0,0.0,0.0,0.0
2400,296.3159854621698,439.85919277721445,348.01850049528747,387.336757362807,520.0049332253994,295.4135533620495,617.6120585110488,134.96481178433154,139.48447989556504,157.06103492145144,0.0,0.0,0.0,0.0,0.0,0.0,0.0,0.0,0.0,0.0
2450,303.63711528985465,442.2779931308977,355.7991225831412,385.9412897141756,524.2844396254562,300.48290011944135,609.7220942660119,135.9565330754577,147.47410992514455,157.36643505999675,0.0,0.0,0.0,0.0,0.0,0.0,0.0,0.0,0.0,0.0
2500,295.6371219483335,442.28573433784317,363.5472852018834,387.43489659647696,519.9829087841158,305.5417506051556,602.6558819819451,138.76964740401456,142.57606307084677,162.1103932775479,0.0,0.0,0.0,0.0,0.0,0.0,0.0,0.0,0.0,0.0
2550,297.69627145178674,436.4878946005905,366.5490260957565,381.8732760791814,521.2075976471247,311.4710277254049,608.7660207544932,134.89669764299717,135.84049546928773,158.87302202756499,0.0,0.0,0.0,0.0,0.0,0.0,0.0,0.0,0.0,0.0
2600,289.776116985236,437.3334853346999,360.72051734058977,377.76340707869525,513.244684842683,310.89395661736614,612.1767189946124,140.32408327994077,127.88170079495735,158.26483383780308,0.0,0.0,0.0,0.0,0.0,0.0,0.0,0.0,0.0,0.0
2650,284.9593481998162,442.12402709823147,364.72741734918,372.5702458852937,519.3113931083737,314.8051221834969,613.2765385185317,146.26711266913517,119.92509861394754,157.6407176828313,0.0,0.0,0.0,0.0,0.0,0.0,0.0,0.0,0.0,0.0
2700,277.00533994448347,441.4815818638493,368.15073207604075,367.14733011903076,511.36011819067744,314.14391851551125,618.6176485011632,150.73402503522277,112.01519355966055,158.53865345063042,0.0,0.0,0.0,0.0,0.0,0.0,0.0,0.0,0.0,0.0
2750,283.4578412115374,445.0284735187705,361.4754168547996,363.8405047884305,512.4923463353921,308.20431344207174,617.4100563514606,144.80277574228398,119.99001497832896,158.0629953497371,0.0,0.0,0.0,0.0,0.0,0.0,0.0,0.0,0.0,0.0
2800,290.2451721486306,448.2044502263501,353.55185925587335,364.667967581721,513.5476642024805,314.1518798445733,614.3765619029045,150.35469659724043,125.06511774137023,153.42490584878726,0.0,0.0,0.0,0.0,0.0,0.0,0.0,0.0,0.0,0.0
2850,291.2933998538848,454.1527218666116,354.4368829676889,370.6311389132448,505.54977800879107,314.28979918130784,607.4401297868502,147.3654117173074,128.38516060322485,158.88381965191144,0.0,0.0,0.0,0.0,0.0,0.0,0.0,0.0,0.0,0.0
2900,283.32287224752287,453.63817066131224,350.11197511587164,365.58351231342334,497.55009962293616,314.3435994519693,599.4501492419618,147.66560936373583,134.478518099253,154.99602665788532,0.0,0.0,0.0,0.0,0.0,0.0,0.0,0.0,0.0,0.0
2950,283.2494449614783,459.63791792631736,350.39164972946304,371.57984472892224,493.70693580725475,309.08128753744126,599.7221846739653,153.6621394568064,129.84449716703938,159.88691518911264,0.0,0.0,0.0,0.0,0.0,0.0,0.0,0.0,0.0,0.0
3000,282.39991164764297,465.6039920036428,346.03502702091623,376.61210656617277,489.25405403975554,314.0659301755978,592.0107140901129,152.0652872229293,136.92497367385533,157.09404847272774,0.0,0.0,0.0,0.0,0.0,0.0,0.0,0.0,0.0,0.0
3050,276.262917802324,469.45298342090604,338.08442623334935,377.2778544562684,497.04570402362106,312.7055139993772,598.9981055298439,154.98705090061358,143.708474672592,160.27462455853015,0.0,0.0,0.0,0.0,0.0,0.0,0.0,0.0,0.0,0.0
3100,271.03385641891504,464.91211171606744,346.08187509209034,377.42936884634406,496.5548501961619,318.69420940551856,591.0476970275898,155.65408921592905,146.2562856052803,165.9622093659279,0.0,0.0,0.0,0.0,0.0,0.0,0.0,0.0,0.0,0.0
3150,263.03610742780546,464.76978733374494,351.54673709182657,381.811274467151,501.0238253286677,323.67074403933634,585.330863147296,159.8512630676574,140.2793829301093,161.9740259628623,0.0,0.0,0.0,0.0,0.0,0.0,0.0,0.0,0.0,0.0
3200,255.43355418188,462.9021240663535,353.4093219682586,387.6463890665118,498.2275767705821,329.29229268057304,591.0995225553986,155.69416734392954,146.93320917994293,158.6429284885565,0.0,0.0,0.0,0.0,0.0,0.0,0.0,0.0,0.0,0.0
3250,254.8236420783646,468.88466149328343,359.63247762470473,391.41675876888166,490.8536975738837,326.9653694124397,597.1306193687872,159.6361912613465,139.04576996576284,159.6458842385627,0.0,0.0,0.0,0.0,0.0,0.0,0.0,0.0,0.0,0.0
3300,247.11511401320894,470.4894853858486,356.98566625258627,385.7546616196146,487.4886012001392,321.52199535791993,594.4267520002975,153.98927887888837,146.86281061438152,160.92173884138265,0.0,0.0,0.0,0.0,0.0,0.0,0.0,0.0,0.0,0.0
3350,239.7608677338246,468.12787106827557,353.0768277306848,380.5196303835134,480.42522054089335,318.7048837724111,589.7557837849229,149.11820030621422,148.36937697703337,166.81438425831092,0.0,0.0,0.0,0.0,0.0,0.0,0.0,0.0,0.0,0.0
3400,247.75468412001817,468.36373334991504,356.60842426611515,375.13591400215546,481.5072724366014,312.7600200583774,586.9301676437519,143.5049178395732,143.27929415380305,171.44323071068095,0.0,0.0,0.0,0.0,0.0,0.0,0.0,0.0,0.0,0.0
3450,253.84055952089076,464.46935370222496,357.47945658603993,369.1715839670697,486.5685606071775,317.40659311339255,594.7005077642206,144.93224772676916,147.48998139642742,166.34157034062,0.0,0.0,0.0,0.0,0.0,0.0,0.0,0.0,0.0,0.0
3500,260.5951903869702,461.2544017511157,362.12871229321695,364.288835046613,483.5492409463657,322.9628586030926,602.6484411895318,145.61567605153078,150.40205183279969,160.75319729941617,0.0,0.0,0.0,0.0,0.0,0.0,0.0,0.0,0.0,0.0
3550,267.0515598204179,464.7973317148743,367.6959215819862,368.5976604855766,489.92240894939425,326.5895355121803,596.0909878620396,149.05259193571982,152.5891963815865,166.5246117085126,0.0,0.0,0.0,0.0,0.0,0.0,0.0,0.0,0.0,0.0
3600,268.6489274310089,458.9181536768228,370.52073618227905,362.9841510982495,496.69920846340847,329.77813723473935,593.9232486859842,143.2770607816757,160.24515546441197,164.78398296616615,0.0,0.0,0.0,0.0,0.0,0.0,0.0,0.0,0.0,0.0
3650,260.66514370194506,459.2999893996657,373.47249933647606,357.4075042084637,494.85104245070204,335.61583017322806,585.996546507802,142.46671620968695,162.5092272102787,159.02927938905796,0.0,0.0,0.0,0.0,0.0,0.0,0.0,0.0,0.0,0.0
3700,268.40921369094156,457.7944907270966,366.57977778781935,360.4531312669911,499.54942051392806,330.7596022635295,579.8134467927564,146.27397491202302,163.8375546994243,153.1125662245646,0.0,0.0,0.0,0.0,0.0,0.0,0.0,0.0,0.0,0.0
3750,270.6895053015107,463.54559079326276,358.58143636693444,360.3309606295061,499.6872422729001,324.7604927126003,572.0697631066237,147.78059087839645,170.29506752590277,149.5708086024334,0.0,0.0,0.0,0.0,0.0,0.0,0.0,0.0,0.0,0.0
3800,268.7809022015755,469.3723346731146,365.8502251582512,357.82493806420143,492.1069329070958,326.67833963800103,568.1572027469829,142.54712379809544,178.29190902664774,149.40222366322078,0.0,0.0,0.0,0.0,0.0,0.0,0.0,0.0,0.0,0.0
3850,276.0744988977327,471.83747951044467,362.9248501262504,352.24047508476394,493.9617247042537,332.5148504026979,575.0171877438279,139.46020125505638,185.4775411275724,152.03969667009036,0.0,0.0,0.0,0.0,0.0,0.0,0.0,0.0,0.0,0.0
3900,270.01386067804265,467.92102400729607,354.9433104250746,352.6478459221921,501.86419517839056,333.4488821088163,576.4982538437621,145.35648180335878,191.64693108431493,155.85944509157375,0.0,0.0,0.0,0.0,0.0,0.0,0.0,0.0,0.0,0.0
3950,269.87339356040786,461.92194896973933,350.96626038805795,357.85389803144193,502.9296134132423,327.5023287170207,574.1260298695028,139.62633684040438,195.205310897309,161.2332321521478,0.0,0.0,0.0,0.0,0.0,0.0,0.0,0.0,0.0,0.0
4000,269.01982754720296,467.8876992659611,358.8320112069782,358.9484777593482,510.89093395866126,326.913029527421,581.985152850553,138.5052973195093,202.13279492443306,164.23416623053768,0.0,0.0,0.0,0.0,0.0,0.0,0.0,0.0,0.0,0.0
4050,261.6429003224899,465.56621667810396,356.41623442452345,353.2285771765355,514.3432461345482,332.32559514920564,578.2106790608901,133.2150933507317,196.53841679604201,168.52315212618672,0.0,0.0,0.0,0.0,0.0,0.0,0.0,0.0,0.0,0.0
4100,265.5846833221312,470.7873343808428,350.3408244950746,349.3250167208234,517.9135638486546,326.9562639362947,575.2416399896559,138.78657914303483,204.43691780959753,169.47588292662837,0.0,0.0,0.0,0.0,0.0,0.0,0.0,0.0,0.0,0.0
4150,269.1066181730506,465.4000590134092,342.5138502481425,348.0838915448049,511.08522137990053,323.8301276212417,578.9737293522344,144.0936709838383,199.93984870328393,164.51360443612273,0.0,0.0,0.0,0.0,0.0,0.0,0.0,0.0,0.0,0.0
4200,269.21945163806174,471.399462199782,335.2448219915962,345.5782597151836,503.9898598554278,326.6016637874915,574.5744230999111,139.08234044392415,191.94798036033097,164.2431460867234,0.0,0.0,0.0,0.0,0.0,0.0,0.0,0.0,0.0,0.0
4250,261.90454791665394,473.82883521455875,335.56705482412525,339.5831289096112,498.8687436075483,331.2112157951527,580.3026406720556,143.2707747502579,199.66966175155412,165.81199774542046,0.0,0.0,0.0,0.0,0.0,0.0,0.0,0.0,0.0,0.0
4300,265.1862618622017,468.3569001008605,330.2755080986447,335.08315808145227,498.59354213185713,337.2076646261797,574.0434496043421,147.00744058192436,202.43286343913067,171.442730645674,0.0,0.0,0.0,0.0,0.0,0.0,0.0,0.0,0.0,0.0
4350,263.0225081087051,462.58052836308224,324.3891880779516,331.0198994636225,503.81391863163446,332.66117543942005,568.6862857336603,142.55135515464102,196.84555466373584,175.73689693434085,0.0,0.0,0.0,0.0,0.0,0.0,0.0,0.0,0.0,0.0
4400,267.8053050644652,467.3901780353541,332.3889331264965,330.9719982472172,510.9023416966016,335.442680495909,561.5103165908347,139.89912494038109,194.59612310147398,181.49482906543346,0.0,0.0,0.0,0.0,0.0,0.0,0.0,0.0,0.0,0.0
4450,264.4221889398974,461.95309053612016,335.22081795950027,336.58350347439017,509.7723252881661,341.38252248796783,567.7259727230694,143.67644682245177,192.74424319961886,175.6577982092214,0.0,0.0,0.0,0.0,0.0,0.0,0.0,0.0,0.0,0.0
4500,272.4178205574,461.7548363850389,341.75758190760007,333.1244894007938,516.4371717979346,344.70120435177904,561.8018455121615,139.64421379424002,200.31713561246934,173.7235395571384,0.0,0.0,0.0,0.0,0.0,0.0,0.0,0.0,0.0,0.0
4550,280.17448954735715,463.2233980883334,347.95504589108003,329.3303906807318,510.18992655884705,348.449098279576,561.0413344537683,133.67138675018793,201.46231423133756,167.78533121319123,0.0,0.0,0.0,0.0,0.0,0.0,0.0,0.0,0.0,0.0
4600,288.1146193151228,463.95607526141913,345.8608069598961,335.12115633440413,510.1330841602027,354.44894682180734,554.3433219003234,130.39047938231468,209.3749136426334,168.66981322994056,0.0,0.0,0.0,0.0,0.0,0.0,0.0,0.0,0.0,0.0
4650,284.0209217711247,458.8011336773395,348.85082300720256,329.5559843001605,515.2906000167906,359.0356141283969,552.6537760937975,136.2551453718919,203.17884490855783,172.46519356483043,0.0,0.0,0.0,0.0,0.0,0.0,0.0,0.0,0.0,0.0
4700,290.8661280150605,461.90645535252315,352.1017829385256,324.0737326201686,513.5687449746663,364.89499195866404,545.9416640782196,132.99048640604076,210.95382841095346,173.87822850418257,0.0,0.0,0.0,0.0,0.0,0.0,0.0,0.0,0.0,0.0
4750,294.9893332165261,467.048151387147,344.41295920469577,325.73087448024836,518.1461541237273,359.97420740905443,547.8707891141906,138.81342750869834,218.50538594709104,175.85885039208853,0.0,0.0,0.0,0.0,0.0,0.0,0.0,0.0,0.0,0.0
4800,297.6818172950385,472.69812243454305,340.09258971833736,330.7806867757209,511.7883516949412,363.6160230147027,551.2586816804295,144.248841796247,219.46084305324493,169.90179619420314,0.0,0.0,0.0,0.0,0.0,0.0,0.0,0.0,0.0,0.0
4850,296.9140637836861,478.6704282649587,334.89630426645664,326.21870010923476,515.6067616931939,358.3435846214685,557.1425079670911,148.3141315618689,215.08627152345002,164.87830067703356,0.0,0.0,0.0,0.0,0.0,0.0,0.0,0.0,0.0,0.0
4900,290.75705233977743,482.5013949405853,342.53908730964463,327.9916003847865,523.4903777025525,357.32386077549177,560.7334134275787,142.9525285963105,222.57048133416407,162.75875721818883,0.0,0.0,0.0,0.0,0.0,0.0,0.0,0.0,0.0,0.0
4950,293.7420100369915,476.9346956946644,347.2010979957712,332.8675035528031,517.8679518711901,353.0555549791492,560.8992353614634,136.95381765261502,224.4952566431708,168.58250794306826,0.0,0.0,0.0,0.0,0.0,0.0,0.0,0.0,0.0,0.0
5000,289.3614264743102,481.9552434041609,353.1336422683047,336.89276958508174,510.24068614794567,351.24545556400676,560.5621060770937,130.9591476522596,228.74530418799952,163.49923966124248,0.0,0.0,0.0,0.0,0.0,0.0,0.0,0.0,0.0,0.0
5050,291.5940701517293,487.71684973338415,359.0979735270589,340.8915254363015,510.1785496639483,357.2452745795907,566.1775283915794,126.68565895690051,236.15691217407263,161.24074730533613,0.0,0.0,0.0,0.0,0.0,0.0,0.0,0.0,0.0,0.0
5100,284.04888133474225,489.71107783349146,366.38923686405354,338.4225009508596,506.7009705830352,362.6487340826774,561.9971932641789,121.56997728187179,244.1202357483894,160.6668734703027,0.0,0.0,0.0,0.0,0.0,0.0,0.0,0.0,0.0,0.0
5150,276.969271907079,486.9169749680167,366.51426215520473,332.4232337138904,503.46910093984354,368.1373311682537,554.0803584587262,122.43287718802195,240.12681174080953,165.8658702621196,0.0,0.0,0.0,0.0,0.0,0.0,0.0,0.0,0.0,0.0
5200,280.8099071025982,492.1803252060688,366.9636365198991,326.4327070043514,509.79974927503315,364.4690036806116,546.0910157316354,122.74247623333397,244.76125300250385,170.75653476021662,0.0,0.0,0.0,0.0,0.0,0.0,0.0,0.0,0.0,0.0
5250,274.38201203930754,488.6083904581178,365.215259837177,320.5777485780589,506.68940808113507,369.99695537471734,552.557330129613,126.27518945193954,252.66469502822005,171.68593097938546,0.0,0.0,0.0,0.0,0.0,0.0,0.0,0.0,0.0,0.0
5300,279.86778340439355,492.97557499716885,369.8633440042288,315.69437229862876,499.7010333892703,367.07651477766115,559.6028562548469,129.11733932668028,253.11197266212514,165.6953160043606,0.0,0.0,0.0,0.0,0.0,0.0,0.0,0.0,0.0,0.0
5350,285.81532503077324,488.9627772089797,377.6588808585877,317.042204965612,491.7196570086336,366.667347969109,564.5552314341984,133.82946345457157,260.85741362869896,164.19378973711025,0.0,0.0,0.0,0.0,0.0,0.0,0.0,0.0,0.0,0.0
5400,288.5856341182955,483.33400909310654,385.64473926582923,316.68560737243064,483.7641121936958,366.03569536098246,566.8283587735606,128.0767682770298,254.46247513939633,167.79884569595401,0.0,0.0,0.0,0.0,0.0,0.0,0.0,0.0,0.0,0.0
5450,295.8645091784743,485.82350955410226,389.7544823177605,321.8333623953989,488.5363910513547,361.2201723458867,559.5140103836645,130.5070816400683,252.2531355906307,173.56550292103003,0.0,0.0,0.0,0.0,0.0,0.0,0.0,0.0,0.0,0.0
5500,301.7416846343465,489.8942072672409,383.18563251304016,318.40870994782097,495.2949595745503,364.43046598175,565.8661766816571,126.85973800133759,246.52943330994722,169.3735978512938,0.0,0.0,0.0,0.0,0.0,0.0,0.0,0.0,0.0,0.0
5550,296.7617065602945,494.589939142024,375.6951643563976,316.30163880004085,503.29175666008393,364.2607000849966,558.1632245980506,125.23992391518891,239.63211757994225,166.33382687425419,0.0,0.0,0.0,0.0,0.0,0.0,0.0,0.0,0.0,0.0
5600,303.71163017437846,497.5615449350421,367.90822529460286,314.9261338829499,497.92590440957724,359.81049877893474,558.220121724108,131.23977216563145,234.41426419299071,170.88194498982205,0.0,0.0,0.0,0.0,0.0,0.0,0.0,0.0,0.0,0.0
5650,310.84986661416156,494.8526449649462,370.32048382964336,309.2053981411445,503.08898128300325,364.3936454517448,557.2409957307707,125.28488021340775,230.99815656792592,176.3074166182024,0.0,0.0,0.0,0.0,0.0,0.0,0.0,0.0,0.0,0.0
5700,305.2825807993212,490.54387514411206,377.4375756047993,311.94541458699007,507.61095457391104,369.343177108925,554.3110018793651,130.86798096633018,230.49726097804654,182.29564430087467,0.0,0.0,0.0,0.0,0.0,0.0,0.0,0.0,0.0,0.0
5750,309.02397129026696,485.24046836905023,377.97545929490616,317.93183740357705,500.04747344999566,367.38831490800163,551.9062643872148,125.14546437425825,224.19133838701325,178.6034391460666,0.0,0.0,0.0,0.0,0.0,0.0,0.0,0.0,0.0,0.0
5800,309.2296872060503,491.23848433611147,370.4667164118999,320.0019977665097,506.87155942161144,364.2569548214342,558.7947274530557,122.09442265343851,231.89725980293133,180.2152893288002,0.0,0.0,0.0,0.0,0.0,0.0,0.0,0.0,0.0,0.0
5850,304.8184203826661,496.2438971881909,369.46953152341393,314.0487916939196,511.90693554654496,359.59457288241924,562.3494742646493,116.71928326019261,234.61774774601284,174.57286903603168,0.0,0.0,0.0,0.0,0.0,0.0,0.0,0.0,0.0,0.0
5900,296.9759907472735,495.058921536404,371.31989270328955,308.21148992246685,519.9002592024061,359.34949733362714,564.4516005549717,110.93012536841003,227.17662627227958,172.36964127717542,0.0,0.0,0.0,0.0,0.0,0.0,0.0,0.0,0.0,0.0
5950,291.146925173459,499.1683463047379,377.1180144005518,312.34546548369747,526.0953400704028,355.55321002437,567.7299511705894,105.45705633010006,224.9268406248192,178.12749559141616,0.0,0.0,0.0,0.0,0.0,0.0,0.0,0.0,0.0,0.0
6000,295.519636285506,494.14393976157766,369.3137277055642,313.66450828630957,522.0409154552466,350.38083889644344,559.7717606036122,106.06967499702662,217.891185023304,180.98336621514687,0.0,0.0,0.0,0.0,0.0,0.0,0.0,0.0,0.0,0.0
6050,287.6176076704353,495.08007189365844,372.5972782180286,308.1931929492034,518.5840320674123,344.9699146732502,552.450676654646,108.48855346014882,225.6127519909989,182.55253462689046,0.0,0.0,0.0,0.0,0.0,0.0,0.0,0.0,0.0,0.0
6100,287.0619499841046,501.0655814836004,380.2903737984454,306.54724103019225,521.3305934418585,350.6052252544626,551.8663135848727,102.50458175324626,221.7272560932255,187.7973314214257,0.0,0.0,0.0,0.0,0.0,0.0,0.0,0.0,0.0,0.0
6150,291.5931513902892,506.0103636094207,385.3005775493876,301.86962995877985,513.7338036655933,352.486034020943,558.3902715960357,105.97716856657108,215.4834715285404,184.0461950203783,0.0,0.0,0.0,0.0,0.0,0.0,0.0,0.0,0.0,0.0
6200,292.89915767071216,500.0908559844179,392.29786990897645,298.96122514782724,521.6875452492078,351.841734333795,555.867379853308,111.67099831513599,223.15862947605444,185.73859631599362,0.0,0.0,0.0,0.0,0.0,0.0,0.0,0.0,0.0,0.0
6250,299.65112451055614,496.8727578063123,388.1088888364523,293.84952326534284,523.7530658873208,346.0451695081754,563.7344726924368,112.76013938568035,219.19431472509063,190.9501092740847,0.0,0.0,0.0,0.0,0.0,0.0,0.0,0.0,0.0,0.0
6300,306.3255062381796,500.18064286501755,385.8632455329596,299.60828710503375,518.3878477401207,350.4958008404739,556.2782440758588,114.93444808840508,212.3939616644809,187.78984045383868,0.0,0.0,0.0,0.0,0.0,0.0,0.0,0.0,0.0,0.0
6350,310.335197464973,494.98869365017543,389.62845185350704,294.31436965034237,525.2814835552459,353.54026371629254,562.6247681462244,111.2815837155941,218.33300366711364,183.76996778158065,0.0,0.0,0.0,0.0,0.0,0.0,0.0,0.0,0.0,0.0
6400,313.11627355241643,489.362912914565,386.79284494738704,288.70392180020553,530.2233469294237,358.2585915286553,554.628126637727,111.107744482898,220.10259948401765,177.91859627673685,0.0,0.0,0.0,0.0,0.0,0.0,0.0,0.0,0.0,0.0
6450,321.1135092013621,489.2051952520516,393.24649371512993,292.2496389195227,537.7144797059684,360.3643331960612,550.0253793401158,106.20027278259117,227.52028586832847,180.16583567119523,0.0,0.0,0.0,0.0,0.0,0.0,0.0,0.0,0.0,0.0
6500,319.70611400863004,483.2987731702026,391.3448173427384,286.4216212313836,545.2116498235977,358.2707124978756,549.9860424323036,112.20020024813792,220.2697834252573,182.70148066935607,0.0,0.0,0.0,0.0,0.0,0.0,0.0,0.0,0.0,0.0
6550,327.67582340280467,483.8204045984903,398.77905401587543,284.2053585299246,551.4994577933236,354.56117042351974,552.7266412303976,106.56325701592549,221.6223204869216,176.78785344345118,0.0,0.0,0.0,0.0,0.0,0.0,0.0,0.0,0.0,0.0
6600,335.5710002546988,482.8522994164517,397.60289091322613,290.1401593016633,556.2927801117128,349.7574183068907,551.7688711677447,100.60641174890404,215.50853999121279,180.65756913433705,0.0,0.0,0.0,0.0,0.0,0.0,0.0,0.0,0.0,0.0
6650,340.77244441132444,478.2936208238553,404.3823745401337,286.95476866851067,550.8223563180015,345.37941810949184,559.7019238287722,101.38101161723415,210.24999726223618,185.17924992876888,0.0,0.0,0.0,0.0,0.0,0.0,0.0,0.0,0.0,0.0
6700,341.438942288339,484.27276178023135,396.47536174684495,287.8669205946213,548.0530704575166,351.0084694416784,567.6725586382423,101.89462787759932,210.26927793576147,179.17926735431163,0.0,0.0,0.0,0.0,0.0,0.0,0.0,0.0,0.0,0.0
6750,347.7091220028016,480.54647326873067,388.5062659630489,288.39379887148857,544.3767359602771,345.6795326224124,562.6319565010406,97.23542347361351,218.09924833150686,177.9488184419286,0.0,0.0,0.0,0.0,0.0,0.0,0.0,0.0,0.0,0.0
6800,346.2947429498844,474.6409896568026,396.4984832447662,288.6583936437792,550.1944376665938,349.7980056533645,568.4604311415717,101.34531968795221,216.73490089568855,172.03671747934038,0.0,0.0,0.0,0.0,0.0,0.0,0.0,0.0,0.0,0.0
6850,348.5697518453084,480.39326643828053,394.78632271337904,282.79741805928376,552.9165749335198,355.43997848153,561.566693069536,104.38965231748175,209.84703669023867,168.98491534591233,0.0,0.0,0.0,0.0,0.0,0.0,0.0,0.0,0.0,0.0
6900,354.4981302107001,476.36454944639894,390.0062085899607,277.98626837402225,550.2634208977543,349.7795513611479,566.8489814451848,108.89573754781455,207.83930561667296,174.792890161985,0.0,0.0,0.0,0.0,0.0,0.0,0.0,0.0,0.0,0.0
6950,362.41167230281786,475.48482420496975,385.14396171690606,273.2216395971051,551.5636038423161,343.85932269793295,559.3486662960485,110.98301229573235,200.0253085541686,176.07918933899822,0.0,0.0,0.0,0.0,0.0,0.0,0.0,0.0,0.0,0.0
7000,360.2165332240817,469.71511732428115,392.82664019650304,271.5485424986781,557.0200746060293,339.4715389375743,552.5899366771621,107.77290944059384,204.02537927447807,170.88306753944482,0.0,0.0,0.0,0.0,0.0,0.0,0.0,0.0,0.0,0.0
7050,365.41424817929726,474.2761878756906,390.5703200273503,277.3049583412862,560.1014819931316,345.0085979303542,556.8996183721406,112.827856233042,211.72960643735098,169.26666809922156,0.0,0.0,0.0,0.0,0.0,0.0,0.0,0.0,0.0,0.0
7100,365.979878670353,480.26117199914637,392.9102598583241,271.5673514017229,553.1451444006314,342.0454460432952,562.3749399666385,108.45330139189376,213.8897966899613,163.48954618032488,0.0,0.0,0.0,0.0,0.0,0.0,0.0,0.0,0.0,0.0
7150,365.0682139791005,474.3002586493709,384.9647581363238,272.26650363260734,548.2253259433799,346.7767148816275,569.6103816163185,105.89357170393484,207.32736608788193,160.05797819564182,0.0,0.0,0.0,0.0,0.0,0.0,0.0,0.0,0.0,0.0
7200,357.58744878708086,472.1738860150944,392.73922732760207,273.6811294476372,540.7570591407303,344.6257715031306,563.180429999319,102.32371964268455,210.3252091633399,165.6207811764598,0.0,0.0,0.0,0.0,0.0,0.0,0.0,0.0,0.0,0.0
7250,355.463026660827,466.389308050447,394.74811020747865,267.87337866649113,535.5368687583126,340.0791621116319,561.2201447034596,96.50663524611217,212.57514854229345,171.37860170118583,0.0,0.0,0.0,0.0,0.0,0.0,0.0,0.0,0.0,0.0
7300,352.32627585912775,460.86975672316305,392.74639693712487,273.6825217608382,528.0764151011083,342.2453032811192,557.9177318775123,91.04170943609897,212.3707180685285,177.37664238978036,0.0,0.0,0.0,0.0,0.0,0.0,0.0,0.0,0.0,0.0
7350,346.0103103034453,464.5522933140785,384.8296735362632,272.819047117745,526.9008452423482,348.1801701686564,565.4615700206448,93.03880975017891,220.11405348036863,175.86901987615,0.0,0.0,0.0,0.0,0.0,0.0,0.0,0.0,0.0,0.0
7400,352.62730589146054,467.92440619487815,379.7099583563001,277.42947448598113,520.137775667464,351.38512735760105,571.6296016812412,89.21782763735006,220.07456170486967,169.86909298286093,0.0,0.0,0.0,0.0,0.0,0.0,0.0,0.0,0.0,0.0
7450,357.2968167461332,463.05254171988724,371.7257270092675,277.05294027658283,512.1410718007775,351.2129092152847,567.2534683572006,84.19509734041496,228.0598241795207,170.23311984471079,0.0,0.0,0.0,0.0,0.0,0.0,0.0,0.0,0.0,0.0
7500,354.7801063304167,468.7479100033635,368.98876054343356,271.415004422677,517.3898245700092,355.74098378751836,568.6087098715144,78.2818184068361,220.13511527773355,169.41188223455217,0.0,0.0,0.0,0.0,0.0,0.0,0.0,0.0,0.0,0.0
7550,349.696140032786,473.3805360146083,366.6411686372203,277.15085282427015,521.9806589698405,360.6547282585146,561.4762717696394,75.56434094020567,227.54107213875722,167.14298620958343,0.0,0.0,0.0,0.0,0.0,0.0,0.0,0.0,0.0,0.0
7600,349.12990850029024,467.3955838601188,372.66772830621613,273.20492765547027,529.5427076518018,362.61270517335583,567.421996246512,71.5500287014306,226.68889368599073,161.1771243326112,0.0,0.0,0.0,0.0,0.0,0.0,0.0,0.0,0.0,0.0
7650,354.98970859415857,463.31082035916864,369.01061041936777,278.5412969669453,524.6000450400043,357.8948482926217,571.8350565236625,76.5545522234063,218.76943623269148,160.32786940885268,0.0,0.0,0.0,0.0,0.0,0.0,0.0,0.0,0.0,0.0
7700,347.36254724784857,461.5004735661449,376.1497376125234,281.2488762164724,520.5675804019368,363.0768668452987,576.6051936556739,81.37126872479661,219.50703296285755,154.3534261315839,0.0,0.0,0.0,0.0,0.0,0.0,0.0,0.0,0.0,0.0
7750,351.977443920851,456.599424199698,369.9701368927331,285.0593290643609,516.2230101003311,368.114986410484,579.2003279534808,75.69573184607805,212.54951449060857,151.3918341781867,0.0,0.0,0.0,0.0,0.0,0.0,0.0,0.0,0.0,0.0
7800,357.0841643535525,461.21795114153815,375.218511929449,280.5310082161753,511.03461050086946,363.54795382379024,580.6207837784099,69.79106871404403,214.38359272527615,157.23202581278906,0.0,0.0,0.0,0.0,0.0,0.0,0.0,0.0,0.0,0.0
7850,361.154369037421,456.0525560424028,380.57230398799453,276.0726439186954,511.99835487209214,357.59165059169635,573.8333132329201,66.61525983728738,208.79313790847561,161.52388827615948,0.0,0.0,0.0,0.0,0.0,0.0,0.0,0.0,0.0,0.0
7900,354.5149570559261,459.39979255985116,382.07636748764145,281.96564897183504,507.57988417173163,352.58981311663723,573.4271827853066,60.622996478715706,201.0727636643151,159.95142218409813,0.0,0.0,0.0,0.0,0.0,0.0,0.0,0.0,0.0,0.0
7950,356.9174170070599,453.67673789227644,388.4052199631267,278.29557883378,509.5660095421005,346.77766122319775,580.6486561950663,58.041174252443035,207.9898356161789,156.93700847125683,0.0,0.0,0.0,0.0,0.0,0.0,0.0,0.0,0.0,0.0
8000,355.9878589338949,459.6360965831169,384.9551332237877,272.8822150838821,509.8806072056454,340.78230231614083,572.6501559439553,57.92499992309823,214.99932392544525,154.04517014179058,0.0,0.0,0.0,0.0,0.0,0.0,0.0,0.0,0.0,0.0
8050,358.31538470552556,465.37654307076895,392.95131091046454,272.6967626594204,517.4164786354711,342.79625018255615,564.7381116854707,58.81227105084213,220.21401894681554,149.49501490744098,0.0,0.0,0.0,0.0,0.0,0.0,0.0,0.0,0.0,0.0
8100,360.39519261780185,459.582852583306,399.7618266456723,275.8446972877163,509.41904203060847,342.6443724025771,557.7770987815121,55.85530159126135,212.21770175793756,149.67705246086246,0.0,0.0,0.0,0.0,0.0,0.0,0.0,0.0,0.0,0.0
8150,364.30844072386697,464.8160304141238,395.3842517408298,280.8667209185127,516.0561531795951,345.99417463894093,551.4083694401496,52.22424131921087,220.21695115598646,149.75924188016418,0.0,0.0,0.0,0.0,0.0,0.0,0.0,0.0,0.0,0.0
8200,356.4365971974126,465.8856891054586,403.30213586199164,281.72418809699104,514.492098594189,340.1099605915679,559.2529546608198,53.40116380074905,226.0598796902313,145.66090627825997,0.0,0.0,0.0,0.0,0.0,0.0,0.0,0.0,0.0,0.0
8250,363.02302912725327,462.4800849932802,401.89681102210983,287.6308874653444,514.6848576686366,346.1082186483549,566.7989360763406,51.408623332378205,224.27838128842862,151.51024582965044,0.0,0.0,0.0,0.0,0.0,0.0,0.0,0.0,0.0,0.0
8300,355.5810071521858,464.6816012364567,409.89582556425796,287.5367143566175,514.2192835040199,340.1183878584078,574.5100800175214,49.810884068889,230.8800712278513,148.12130047846142,0.0,0.0,0.0,0.0,0.0,0.0,0.0,0.0,0.0,0.0
8350,362.4152101806543,467.8005255371075,402.1586884115048,289.0621318837919,516.2725061360234,345.9174098201854,570.2776499251077,44.71935421765892,227.71920228482406,153.6331069412117,0.0,0.0,0.0,0.0,0.0,0.0,0.0,0.0,0.0,0.0
8400,362.4584976060704,473.8004377020333,394.62814330477045,287.0370082215346,524.2530379316089,346.3357406056311,571.6519223428535,38.808546437116114,228.83409213455747,147.6916572780053,0.0,0.0,0.0,0.0,0.0,0.0,0.0,0.0,0.0,0.0
8450,354.78556643462326,472.10236627494095,387.2904138787887,289.4273473951632,517.345496172005,349.36242197259423,570.7778512753671,44.77262640556498,221.47057975021306,145.34634055778312,0.0,0.0,0.0,0.0,0.0,0.0,0.0,0.0,0.0,0.0
8500,347.8745320815753,469.0801729743425,382.2166551777496,294.0662639833379,514.4820672962416,343.7599282440112,578.7447113550074,45.31819172262681,215.75418952858462,141.1488268181791,0.0,0.0,0.0,0.0,0.0,0.0,0.0,0.0,0.0,0.0
8550,340.3025078095175,467.14400349876854,377.14804399854836,298.7083447831159,507.55616947340263,340.7569354230037,582.5324160633013,50.603073683139975,215.75435985987377,147.1488268168191,0.0,0.0,0.0,0.0,0.0,0.0,0.0,0.0,0.0,0.0
8600,340.7335542113617,461.1527192510305,369.3937971049695,300.18408392039606,515.5558797161365,340.70586911151804,590.2836665246684,52.08764109838255,221.47154203678633,151.34573379997306,0.0,0.0,0.0,0.0,0.0,0.0,0.0,0.0,0.0,0.0
8650,338.50166432901074,466.9144898555058,377.31136011635255,299.32495050355186,514.7000369356622,334.74030229951273,589.9562269918582,58.082613211386786,216.59561924242075,146.58897287386432,0.0,0.0,0.0,0.0,0.0,0.0,0.0,0.0,0.0,0.0
8700,345.29223724551963,470.0865660209511,385.2234869700419,298.43809376976697,520.0823581626487,339.1793024958251,584.8502246261212,62.701586707804836,221.82462603009853,151.12987994273408,0.0,0.0,0.0,0.0,0.0,0.0,0.0,0.0,0.0,0.0
8750,339.35110271202296,466.06843302714947,393.2213224741444,298.5776567582024,519.0791873511517,333.226662142027,586.9994052304488,68.48101793290087,225.82268095381525,145.9328855502841,0.0,0.0,0.0,0.0,0.0,0.0,0.0,0.0,0.0,0.0
8800,337.1197653253291,471.83032399930806,385.90681067144345,296.14762005846234,522.0031974027119,338.8115272196575,585.4383984876463,62.59634864769287,224.91581851609385,139.9715601698032,0.0,0.0,0.0,0.0,0.0,0.0,0.0,0.0,0.0,0.0
8850,344.19738097049253,469.03338134913133,377.9642209614119,295.43009748552015,528.0451954435966,334.8789045494037,578.4220581492924,59.71387234350257,220.14664404328562,144.78881284658402,0.0,0.0,0.0,0.0,0.0,0.0,0.0,0.0,0.0,0.0
8900,350.9054281052436,465.76402616861765,380.36594961383474,301.15332480562313,529.5763246510228,340.7679876176299,570.446249227655,59.24762077448657,220.23152664662038,138.78915059310643,0.0,0.0,0.0,0.0,0.0,0.0,0.0,0.0,0.0,0.0
8950,351.05885062822324,471.7629227013402,388.1442971744207,302.5559068674056,521.7325406416365,341.94791006547496,578.4462467175694,59.24286779992697,227.67880964466264,136.59766446031276,0.0,0.0,0.0,0.0,0.0,0.0,0.0,0.0,0.0,0.0
9000,350.7715466884176,477.75905222387155,395.2304494544159,299.771149104349,516.3437199317463,337.5133476419522,579.9629131276325,53.351679958088134,235.13536999151853,134.42399575649554,0.0,0.0,0.0,0.0,0.0,0.0,0.0,0.0,0.0,0.0
9050,355.0931574331324,472.7098374016165,387.3228579829878,300.68047488786135,524.1714133541203,338.75191892492063,580.410094167986,59.34229898940668,229.09040869513439,130.49393543311183,0.0,0.0,0.0,0.0,0.0,0.0,0.0,0.0,0.0,0.0
9100,363.09086207244576,472.5661179438309,379.35578498144116,301.22428839520137,516.5526232048476,336.92185181631334,577.6620888574232,64.97721359234248,232.766278873297,135.82305242082452,0.0,0.0,0.0,0.0,0.0,0.0,0.0,0.0,0.0,0.0
9150,360.4916902308737,478.2406154526516,374.8250374641725,306.16930446199075,511.4210515033526,341.5248586247196,571.289742914736,68.60470295035985,226.34879792623352,132.24060000796288,0.0,0.0,0.0,0.0,0.0,0.0,0.0,0.0,0.0,0.0
9200,356.1520045883672,483.28110251194215,382.78328891275396,306.7814780959769,511.67158498377,347.5219156986972,574.31922716868,74.15785535685359,221.31685460908503,127.57613381344338,0.0,0.0,0.0,0.0,0.0,0.0,0.0,0.0,0.0,0.0
9250,358.81481283976717,488.93897904573606,388.3934011643282,311.05888797757166,505.05576628727795,350.895327239485,576.2630140592696,68.33765759004753,218.9834402435002,133.3152354231595,0.0,0.0,0.0,0.0,0.0,0.0,0.0,0.0,0.0,0.0
9300,366.46703469763145,490.6888273559871,394.76886381104947,314.68329555297584,507.161346178686,345.106875374521,569.6344769646468,64.97831926357908,226.85784129395054,132.2562184004564,0.0,0.0,0.0,0.0,0.0,0.0,0.0,0.0,0.0,0.0
9350,362.7736438876662,496.01112584280054,401.9657005124589,312.06306329419596,514.0812948742802,348.11757286900956,570.3088155997252,58.99967285193641,229.18422033394683,137.99692635473124,0.0,0.0,0.0,0.0,0.0,0.0,0.0,0.0,0.0,0.0
9400,370.7717252434368,495.87972672791665,409.934435697264,312.5930005540464,517.8381237914497,353.414837070841,568.9753354849425,64.91573402603757,234.38164963390471,142.5581800067403,0.0,0.0,0.0,0.0,0.0,0.0,0.0,0.0,0.0,0.0
9450,366.50625885901496,500.9557252054966,409.3438646262908,318.57662942941937,525.428583995062,351.519708033737,576.8458465643673,65.99089384374736,242.02644029624997,144.32620470891976,0.0,0.0,0.0,0.0,0.0,0.0,0.0,0.0,0.0,0.0
9500,364.07755849637834,495.2389039135943,416.11452265713604,321.77256149675276,518.5666011262465,348.4352842628689,581.6140769746919,61.17311551248757,238.78373203957483,138.841204774674,0.0,0.0,0.0,0.0,0.0,0.0,0.0,0.0,0.0,0.0
9550,371.00468234102993,498.2403056399521,423.5277608621708,319.51708075754885,518.3134202990294,342.43828972800725,582.1942431804488,55.18891410083665,234.1099000209857,133.9716716325359,0.0,0.0,0.0,0.0,0.0,0.0,0.0,0.0,0.0,0.0
9600,366.43551348712117,503.1653961458478,421.78004590757865,313.66201120236076,510.5997849054529,344.02924975922,584.1008303464879,49.3617989891119,234.3130589027143,139.96973662373813,0.0,0.0,0.0,0.0,0.0,0.0,0.0,0.0,0.0,0.0
9650,367.1143099870264,509.1437587864745,428.0093494825907,309.89735656404173,505.2213464154478,339.5876031425144,582.9559030722392,55.30003459528173,239.18079786302604,135.20826326504726,0.0,0.0,0.0,0.0,0.0,0.0,0.0,0.0,0.0,0.0
9700,373.95472565050756,512.2550127735874,424.2989251045562,304.5817265542617,499.89434680179653,335.1112229360485,574.9782465724651,54.85191554410019,232.00162057932724,132.56092118095836,0.0,0.0,0.0,0.0,0.0,0.0,0.0,0.0,0.0,0.0
9750,381.6391912837272,513.9234868404145,432.28449660607976,304.2215330171799,493.4712687790146,338.6880285851167,570.1824613776024,50.04954634180387,235.3309791678446,127.10519974320609,0.0,0.0,0.0,0.0,0.0,0.0,0.0,0.0,0.0,0.0
9800,387.0588368690787,518.3368683073471,438.70032959973696,307.805645380945,487.411491635561,334.770823676439,577.8284953044604,51.8145443358542,234.35658864342756,133.06052859618168,0.0,0.0,0.0,0.0,0.0,0.0,0.0,0.0,0.0,0.0
9850,381.68128217739974,513.8946197927854,437.8807066243111,301.83721822421336,485.22971825378283,340.54338151609664,570.8356356499903,54.72893990650819,233.37854418719073,139.01552052194563,0.0,0.0,0.0,0.0,0.0,0.0,0.0,0.0,0.0,0.0
9900,385.78380484901123,508.7436261413125,437.5800649481424,295.841456537598,487.5823672985902,346.2780642789425,575.2417468183578,59.73690643088142,231.76651337949372,144.892446855473,0.0,0.0,0.0,0.0,0.0,0.0,0.0,0.0,0.0,0.0
9950,385.5310754520221,514.7406313869908,444.8246601399064,298.386581345039,487.1525031653508,352.2693963065606,583.2242764659618,60.13321627069412,236.0168613303375,139.80931986100134,0.0,0.0,0.0,0.0,0.0,0.0,0.0,0.0,0.0,0.0
10000,379.3231646972136,518.5251111773896,440.77722483152763,293.2111320479948,493.70539117764076,348.827586024479,591.2171889524008,59.88071010032867,234.05638005712183,133.9922726149949,0.0,0.0,0.0,0.0,0.0,0.0,0.0,0.0,0.0,0.0
